종목코드,종목명,시장구분,업종명,종가,대비,등락률,시가총액
"095570","AJ네트웍스","KOSPI","일반서비스","5340","10","0.19","241649733060"
"006840","AK홀딩스","KOSPI","기타금융","8110","200","2.53","107437719710"
"027410","BGF","KOSPI","기타금융","4150","40","0.97","397224682650"
"282330","BGF리테일","KOSPI","유통","126200","2900","2.35","2181228937200"
"138930","BNK금융지주","KOSPI","기타금융","19700","250","1.29","6113442550100"
"001460","BYC","KOSPI","섬유·의류","54100","6500","13.66","337916715000"
"001465","BYC우","KOSPI","섬유·의류","26550","1700","6.84","57184717500"
"001040","CJ","KOSPI","기타금융","223000","11000","5.19","6506470554000"
"079160","CJ CGV","KOSPI","오락·문화","6090","50","0.83","1008393271620"
"00104K","CJ4우(전환)","KOSPI","기타금융","182700","5700","3.22","772183742400"
"000120","CJ대한통운","KOSPI","운송·창고","136700","19600","16.74","3118447424800"
"011150","CJ씨푸드","KOSPI","음식료·담배","2925","50","1.74","105097511025"
"011155","CJ씨푸드1우","KOSPI","음식료·담배","15540","390","2.57","3108000000"
"001045","CJ우","KOSPI","기타금융","101500","2900","2.94","229412634500"
"097950","CJ제일제당","KOSPI","음식료·담배","228500","9500","4.34","3439881501000"
"097955","CJ제일제당 우","KOSPI","음식료·담배","142500","2500","1.79","189159202500"
"000480","CR홀딩스","KOSPI","비금속","4785","45","0.95","224370994650"
"000590","CS홀딩스","KOSPI","기타금융","83300","700","0.85","96168350600"
"012030","DB","KOSPI","IT 서비스","1677","-3","-0.18","337368685641"
"005830","DB손해보험","KOSPI","보험","171800","3200","1.90","11920171200000"
"016610","DB증권","KOSPI","증권","13530","480","3.68","574299643170"
"000990","DB하이텍","KOSPI","전기·전자","96800","-2200","-2.22","4211244118400"
"000300","DH오토넥스","KOSPI","운송장비·부품","4200","0","0.00","174035631000"
"001530","DI동일","KOSPI","유통","21400","400","1.90","422206592000"
"015590","DKME","KOSPI","기계·장비","515","0","0.00","122045495160"
"000210","DL","KOSPI","화학","46300","1500","3.35","970257429200"
"000215","DL우","KOSPI","화학","25000","500","2.04","42152875000"
"375500","DL이앤씨","KOSPI","건설","49400","1100","2.28","1911464976200"
"37550L","DL이앤씨2우(전환)","KOSPI","건설","35950","400","1.13","75924638450"
"37550K","DL이앤씨우","KOSPI","건설","24550","350","1.45","51895876750"
"007340","DN오토모티브","KOSPI","전기·전자","29250","1250","4.46","1711442801250"
"004840","DRB동일","KOSPI","화학","5670","50","0.89","113003100000"
"155660","DSR","KOSPI","금속","3965","20","0.51","63440000000"
"069730","DSR제강","KOSPI","금속","4160","140","3.48","59904000000"
"017860","DS단석","KOSPI","화학","19460","270","1.41","342188765520"
"092780","DYP","KOSPI","운송장비·부품","5220","-40","-0.76","68739361200"
"017940","E1","KOSPI","유통","95300","-8600","-8.28","653758000000"
"365550","ESR켄달스퀘어리츠","KOSPI","부동산","4370","5","0.11","1075408930000"
"383220","F&F","KOSPI","섬유·의류","77500","2300","3.06","2968798312500"
"007700","F&F홀딩스","KOSPI","기타금융","21250","950","4.68","831180298750"
"114090","GKL","KOSPI","오락·문화","13330","170","1.29","824536081100"
"078930","GS","KOSPI","기타금융","70000","-1300","-1.82","6504076460000"
"006360","GS건설","KOSPI","건설","21400","1100","5.42","1831443886000"
"001250","GS글로벌","KOSPI","유통","2465","45","1.86","203445728260"
"007070","GS리테일","KOSPI","유통","22350","1350","6.43","1868625725250"
"078935","GS우","KOSPI","기타금융","56000","200","0.36","99950256000"
"499790","GS피앤엘","KOSPI","기타금융","62000","800","1.31","1229512142000"
"012630","HDC","KOSPI","기타금융","20700","870","4.39","1236653624700"
"039570","HDC랩스","KOSPI","건설","8180","-40","-0.49","212333176180"
"089470","HDC현대EP","KOSPI","화학","5140","0","0.00","163966000000"
"294870","HDC현대산업개발","KOSPI","건설","23550","1650","7.53","1552117621500"
"267270","HD건설기계","KOSPI","기계·장비","130200","6700","5.43","6246230163600"
"009540","HD한국조선해양","KOSPI","기타금융","382000","-8000","-2.05","27035330312000"
"267250","HD현대","KOSPI","기타금융","245000","0","0.00","19353305825000"
"443060","HD현대마린솔루션","KOSPI","일반서비스","170100","1600","0.95","7625810083500"
"071970","HD현대마린엔진","KOSPI","기계·장비","84200","1600","1.94","2856189879000"
"322000","HD현대에너지솔루션","KOSPI","전기·전자","78900","-5900","-6.96","883680000000"
"267260","HD현대일렉트릭","KOSPI","전기·전자","939000","6000","0.64","33848259765000"
"329180","HD현대중공업","KOSPI","운송장비·부품","534000","-6000","-1.11","56049294150000"
"097230","HJ중공업","KOSPI","건설","23600","-350","-1.46","2130970118400"
"014790","HL D&I","KOSPI","건설","3185","5","0.16","120579644185"
"003580","HLB글로벌","KOSPI","유통","2155","-5","-0.23","109179853275"
"204320","HL만도","KOSPI","운송장비·부품","59000","1000","1.72","2770470080000"
"060980","HL홀딩스","KOSPI","기타금융","45450","400","0.89","418752529650"
"011200","HMM","KOSPI","운송·창고","21200","800","3.92","19996644964000"
"035000","HS애드","KOSPI","일반서비스","8540","150","1.79","138413279760"
"002460","HS화성","KOSPI","건설","12900","440","3.53","130935000000"
"487570","HS효성","KOSPI","기타금융","60100","-1000","-1.64","223928212700"
"298050","HS효성첨단소재","KOSPI","화학","259500","2000","0.78","1162546506000"
"015360","INVENI","KOSPI","일반서비스","78600","-100","-0.13","448020000000"
"175330","JB금융지주","KOSPI","기타금융","29800","250","0.85","5658561109800"
"234080","JW생명과학","KOSPI","제약","13140","470","3.71","208066039560"
"001060","JW중외제약","KOSPI","제약","32900","400","1.23","766107097000"
"001067","JW중외제약2우B","KOSPI","제약","58900","0","0.00","12367409700"
"001065","JW중외제약우","KOSPI","제약","28400","-50","-0.18","9711408400"
"096760","JW홀딩스","KOSPI","기타금융","4155","95","2.34","307158134010"
"008970","KBI동양철관","KOSPI","금속","1813","27","1.51","188129402391"
"105560","KB금융","KOSPI","기타금융","155500","4100","2.71","57978245752500"
"415640","KB발해인프라","KOSPI","기타금융","10050","60","0.60","1231582757400"
"432320","KB스타리츠","KOSPI","부동산","3560","0","0.00","361034854600"
"002380","KCC","KOSPI","화학","489500","4000","0.82","4349927554500"
"344820","KCC글라스","KOSPI","비금속","28200","750","2.73","450368438400"
"009070","KCTC","KOSPI","운송·창고","7500","410","5.78","225000000000"
"009440","KC그린홀딩스","KOSPI","기타금융","756","0","0.00","17568790596"
"119650","KC코트렐","KOSPI","기계·장비","918","0","0.00","100782913662"
"092220","KEC","KOSPI","전기·전자","767","9","1.19","153985329147"
"003620","KG모빌리티","KOSPI","운송장비·부품","4020","75","1.90","813547146240"
"016380","KG스틸","KOSPI","금속","5800","190","3.39","580051602600"
"001390","KG케미칼","KOSPI","화학","5950","-10","-0.17","400036528500"
"001940","KISCO홀딩스","KOSPI","금속","23500","300","1.29","333144930000"
"025000","KPX케미칼","KOSPI","화학","50500","100","0.20","221124804500"
"092230","KPX홀딩스","KOSPI","화학","76700","0","0.00","324030348200"
"000040","KR모터스","KOSPI","운송장비·부품","426","-6","-1.39","36795828384"
"044450","KSS해운","KOSPI","운송·창고","10310","310","3.10","238015422800"
"030200","KT","KOSPI","통신","60700","1400","2.36","15297716279500"
"033780","KT&G","KOSPI","음식료·담배","172000","3500","2.08","20291982940000"
"058850","KTcs","KOSPI","IT 서비스","2870","50","1.77","122505950000"
"058860","KTis","KOSPI","IT 서비스","2930","65","2.27","101969860000"
"093050","LF","KOSPI","섬유·의류","21350","850","4.15","624274000000"
"003550","LG","KOSPI","기타금융","92900","1300","1.42","14327185246500"
"034220","LG디스플레이","KOSPI","전기·전자","11670","200","1.74","5835000000000"
"051900","LG생활건강","KOSPI","화학","274500","6000","2.23","4200524995500"
"051905","LG생활건강우","KOSPI","화학","116100","500","0.43","243774821700"
"064400","LG씨엔에스","KOSPI","IT 서비스","69000","-400","-0.58","6685130412000"
"373220","LG에너지솔루션","KOSPI","전기·전자","390500","-4000","-1.01","91377000000000"
"003555","LG우","KOSPI","기타금융","71200","1500","2.15","214397368800"
"032640","LG유플러스","KOSPI","통신","16020","270","1.71","6885850247100"
"011070","LG이노텍","KOSPI","전기·전자","243500","8000","3.40","5762940554500"
"066570","LG전자","KOSPI","전기·전자","104000","1400","1.36","16940184248000"
"066575","LG전자우","KOSPI","전기·전자","50400","300","0.60","866173996800"
"037560","LG헬로비전","KOSPI","오락·문화","2455","75","3.15","190132053575"
"051910","LG화학","KOSPI","화학","321000","10500","3.38","22660142103000"
"051915","LG화학우","KOSPI","화학","158500","3300","2.13","1218674800000"
"079550","LIG넥스원","KOSPI","금속","461000","13000","2.90","10142000000000"
"006260","LS","KOSPI","기타금융","218500","-7500","-3.32","6926450000000"
"010120","LS ELECTRIC","KOSPI","전기·전자","637000","-9000","-1.39","19110000000000"
"000680","LS네트웍스","KOSPI","유통","3490","25","0.72","275022525840"
"229640","LS에코에너지","KOSPI","기타금융","42700","200","0.47","1307682333300"
"108320","LX세미콘","KOSPI","전기·전자","54700","-600","-1.08","889657210000"
"001120","LX인터내셔널","KOSPI","유통","43950","1200","2.81","1703502000000"
"108670","LX하우시스","KOSPI","화학","31100","750","2.47","278894537000"
"108675","LX하우시스우","KOSPI","화학","16930","270","1.62","17477346900"
"383800","LX홀딩스","KOSPI","기타금융","8750","200","2.34","667456037500"
"38380K","LX홀딩스1우","KOSPI","기타금융","8700","-10","-0.11","12747979500"
"023150","MH에탄올","KOSPI","음식료·담배","4390","55","1.27","32391729140"
"035420","NAVER","KOSPI","IT 서비스","254000","4000","1.60","39840570052000"
"181710","NHN","KOSPI","IT 서비스","33000","550","1.69","1080853587000"
"400760","NH올원리츠","KOSPI","부동산","3330","0","0.00","182914485750"
"005940","NH투자증권","KOSPI","증권","28450","1700","6.36","10137997298050"
"005945","NH투자증권우","KOSPI","증권","23650","950","4.19","446298393200"
"338100","NH프라임리츠","KOSPI","부동산","4450","10","0.23","83037000000"
"034310","NICE","KOSPI","일반서비스","13790","150","1.10","506881195030"
"030190","NICE평가정보","KOSPI","IT 서비스","17400","960","5.84","1025060569800"
"008260","NI스틸","KOSPI","금속","3700","180","5.11","105820432900"
"004250","NPC","KOSPI","화학","3895","55","1.43","143024400000"
"004255","NPC우","KOSPI","화학","2405","30","1.26","12698400000"
"456040","OCI","KOSPI","화학","78300","-100","-0.13","700980358500"
"010060","OCI홀딩스","KOSPI","기타금융","151900","-3100","-2.00","2836008240800"
"178920","PI첨단소재","KOSPI","화학","19750","-900","-4.36","579984859500"
"001340","PKC","KOSPI","화학","6570","140","2.18","295113933990"
"005490","POSCO홀딩스","KOSPI","금속","371000","7500","2.06","30026125192000"
"010950","S-Oil","KOSPI","화학","100600","1000","1.00","11325828875200"
"010955","S-Oil우","KOSPI","화학","55100","800","1.47","221608177700"
"034120","SBS","KOSPI","오락·문화","18690","460","2.52","346722638220"
"003080","SB성보","KOSPI","화학","2705","-5","-0.18","54154100000"
"005090","SGC에너지","KOSPI","전기·가스","30850","1750","6.01","444527923050"
"001380","SG글로벌","KOSPI","운송장비·부품","1660","10","0.61","74640477380"
"004060","SG세계물산","KOSPI","유통","433","-27","-5.87","87650007680"
"001770","SHD","KOSPI","금속","17500","-480","-2.67","21260365000"
"002360","SH에너지화학","KOSPI","화학","353","2","0.57","39230206690"
"009160","SIMPAC","KOSPI","금속","5260","40","0.77","343851291680"
"033530","SJG세종","KOSPI","운송장비·부품","10750","120","1.13","299075330750"
"123700","SJM","KOSPI","운송장비·부품","3720","45","1.22","58050220560"
"025530","SJM홀딩스","KOSPI","유통","3700","100","2.78","55255829600"
"034730","SK","KOSPI","기타금융","330500","500","0.15","23962143341500"
"011790","SKC","KOSPI","화학","111700","-2300","-2.02","4229888886600"
"018670","SK가스","KOSPI","유통","224000","1500","0.67","2070934656000"
"001740","SK네트웍스","KOSPI","유통","5050","-190","-3.63","1117453405100"
"006120","SK디스커버리","KOSPI","기타금융","57100","3400","6.33","1047662520500"
"006125","SK디스커버리우","KOSPI","기타금융","38900","600","1.57","51054499500"
"210980","SK디앤디","KOSPI","부동산","12720","0","0.00","236813099040"
"395400","SK리츠","KOSPI","부동산","5480","-50","-0.90","1646672979600"
"302440","SK바이오사이언스","KOSPI","제약","50400","1050","2.13","3953108930400"
"326030","SK바이오팜","KOSPI","일반서비스","111600","1900","1.73","8739758700000"
"402340","SK스퀘어","KOSPI","기타금융","543000","-20000","-3.55","71723303445000"
"361610","SK아이이테크놀로지","KOSPI","전기·전자","25800","-100","-0.39","2110107180000"
"100090","SK오션플랜트","KOSPI","금속","18070","800","4.63","1128979791030"
"03473K","SK우","KOSPI","기타금융","238000","1500","0.63","134740130000"
"096770","SK이노베이션","KOSPI","화학","111800","2100","1.91","18900101698400"
"096775","SK이노베이션우","KOSPI","화학","70900","900","1.29","88513403400"
"475150","SK이터닉스","KOSPI","건설","23100","500","2.21","779718370200"
"001510","SK증권","KOSPI","증권","936","33","3.65","442344400056"
"001515","SK증권우","KOSPI","증권","2730","25","0.92","10681163220"
"285130","SK케미칼","KOSPI","화학","65900","400","0.61","1139988679400"
"28513K","SK케미칼우","KOSPI","화학","28800","400","1.41","60924355200"
"017670","SK텔레콤","KOSPI","통신","73700","300","0.41","15830026906100"
"000660","SK하이닉스","KOSPI","전기·전자","876000","-11000","-1.24","637730071740000"
"003570","SNT다이내믹스","KOSPI","운송장비·부품","49650","0","0.00","1650996406050"
"064960","SNT모티브","KOSPI","운송장비·부품","34800","850","2.50","923601465600"
"100840","SNT에너지","KOSPI","기계·장비","43900","-600","-1.35","907886373700"
"036530","SNT홀딩스","KOSPI","기타금융","60500","2000","3.42","986385103000"
"005610","SPC삼립","KOSPI","음식료·담배","51400","900","1.78","443531062600"
"011810","STX","KOSPI","유통","3530","0","0.00","109493282310"
"465770","STX그린로지스","KOSPI","운송·창고","6300","290","4.83","45177501600"
"077970","STX엔진","KOSPI","기계·장비","32650","1000","3.16","1310834256950"
"002820","SUN&L","KOSPI","종이·목재","2455","25","1.03","30952612995"
"084870","TBH글로벌","KOSPI","섬유·의류","1204","0","0.00","25111610076"
"002710","TCC스틸","KOSPI","금속","16600","-340","-2.01","435147370200"
"069260","TKG휴켐스","KOSPI","화학","21150","-50","-0.24","864582136200"
"007980","TP","KOSPI","섬유·의류","1984","15","0.76","101531457920"
"002900","TYM","KOSPI","기계·장비","7510","210","2.88","310914000000"
"024070","WISCOM","KOSPI","화학","1851","47","2.61","28369236738"
"037270","YG PLUS","KOSPI","IT 서비스","7250","-40","-0.55","461557547500"
"139130","iM금융지주","KOSPI","기타금융","18510","640","3.58","2973161031330"
"000500","가온전선","KOSPI","전기·전자","87300","-500","-0.57","1444213939500"
"000860","강남제비스코","KOSPI","화학","17030","490","2.96","221390000000"
"035250","강원랜드","KOSPI","오락·문화","18400","410","2.28","3936505200000"
"011420","갤럭시아에스엠","KOSPI","오락·문화","1933","11","0.57","53253461852"
"002100","경농","KOSPI","화학","9540","-70","-0.73","186245365500"
"009450","경동나비엔","KOSPI","전기·전자","61500","1000","1.65","895968408000"
"267290","경동도시가스","KOSPI","전기·가스","22500","150","0.67","132646635000"
"012320","경동인베스트","KOSPI","기타금융","68900","2400","3.61","162950084700"
"000050","경방","KOSPI","유통","10730","370","3.57","294165847100"
"214390","경보제약","KOSPI","제약","5940","270","4.76","142006748400"
"012610","경인양행","KOSPI","화학","4850","120","2.54","201839370250"
"009140","경인전자","KOSPI","전기·전자","20400","250","1.24","32044258800"
"013580","계룡건설","KOSPI","건설","24550","1700","7.44","219253766850"
"012200","계양전기","KOSPI","기계·장비","8510","720","9.24","231666274790"
"012205","계양전기우","KOSPI","기계·장비","7350","250","3.52","8592730650"
"002140","고려산업","KOSPI","음식료·담배","2530","5","0.20","63096745250"
"010130","고려아연","KOSPI","금속","1701000","-8000","-0.47","35504920269000"
"002240","고려제강","KOSPI","금속","23800","950","4.16","642600000000"
"009290","광동제약","KOSPI","제약","6250","140","2.29","311248800000"
"017040","광명전기","KOSPI","전기·전자","1437","-42","-2.84","62276152755"
"017900","광전자","KOSPI","전기·전자","1927","-18","-0.93","111657631301"
"037710","광주신세계","KOSPI","유통","34850","1000","2.95","277308071500"
"030610","교보증권","KOSPI","증권","12690","570","4.70","1446189975090"
"339770","교촌에프앤비","KOSPI","유통","4695","55","1.19","234586050600"
"007690","국도화학","KOSPI","화학","38500","600","1.58","356542032000"
"002720","국제약품","KOSPI","제약","4625","45","0.98","97864223000"
"083420","그린케미칼","KOSPI","화학","6280","50","0.80","150720000000"
"014530","극동유화","KOSPI","화학","3630","50","1.40","126575994600"
"014280","금강공업","KOSPI","금속","6230","-20","-0.32","182721894110"
"014285","금강공업우","KOSPI","금속","8050","170","2.16","4748493750"
"008870","금비","KOSPI","비금속","49500","600","1.23","49500000000"
"001570","금양","KOSPI","화학","9900","0","0.00","633275240400"
"002990","금호건설","KOSPI","건설","4920","420","9.33","182024059200"
"002995","금호건설우","KOSPI","건설","15750","350","2.27","4603189500"
"011780","금호석유화학","KOSPI","화학","139000","400","0.29","3618412138000"
"011785","금호석유화학우","KOSPI","화학","66800","700","1.06","201968864800"
"214330","금호에이치티","KOSPI","운송장비·부품","530","8","1.53","115564650300"
"001210","금호전기","KOSPI","전기·전자","887","0","0.00","54598395339"
"073240","금호타이어","KOSPI","화학","7360","450","6.51","2114235712320"
"092440","기신정기","KOSPI","기계·장비","2355","35","1.51","68766000000"
"000270","기아","KOSPI","운송장비·부품","154700","900","0.59","60396890790600"
"024110","기업은행","KOSPI","은행","24150","650","2.77","19257834736350"
"013700","까뮤이앤씨","KOSPI","건설","1547","16","1.05","92434534010"
"004540","깨끗한나라","KOSPI","종이·목재","1921","20","1.05","71539371253"
"004545","깨끗한나라우","KOSPI","종이·목재","11010","30","0.27","4031421600"
"001260","남광토건","KOSPI","건설","8800","80","0.92","86526633600"
"008350","남선알미늄","KOSPI","금속","1284","18","1.42","165737551560"
"008355","남선알미우","KOSPI","금속","15100","-280","-1.82","4649139000"
"004270","남성","KOSPI","유통","813","-7","-0.85","29440486080"
"003920","남양유업","KOSPI","음식료·담배","51100","1800","3.65","306600000000"
"003925","남양유업우","KOSPI","음식료·담배","34450","450","1.32","68900000000"
"025860","남해화학","KOSPI","화학","7190","20","0.28","357190881170"
"005720","넥센","KOSPI","화학","6950","150","2.21","372130640150"
"005725","넥센우","KOSPI","화학","4775","15","0.32","17192865000"
"002350","넥센타이어","KOSPI","화학","9730","530","5.76","950308443210"
"002355","넥센타이어1우B","KOSPI","화학","4320","195","4.73","28080000000"
"092790","넥스틸","KOSPI","금속","11190","70","0.63","290962380000"
"251270","넷마블","KOSPI","IT 서비스","56500","1000","1.80","4856372863000"
"090350","노루페인트","KOSPI","화학","9200","140","1.55","184000000000"
"090355","노루페인트우","KOSPI","화학","13130","480","3.79","6080844380"
"000320","노루홀딩스","KOSPI","기타금융","24100","100","0.42","320316739100"
"000325","노루홀딩스우","KOSPI","기타금융","32000","50","0.16","7793888000"
"006280","녹십자","KOSPI","제약","169100","-300","-0.18","1976193575800"
"005250","녹십자홀딩스","KOSPI","일반서비스","15610","230","1.50","734110358100"
"005257","녹십자홀딩스2우","KOSPI","일반서비스","24800","300","1.22","20980552000"
"004370","농심","KOSPI","음식료·담배","441500","14000","3.27","2685486443000"
"072710","농심홀딩스","KOSPI","기타금융","93500","1600","1.74","433633365000"
"058730","다스코","KOSPI","금속","3565","175","5.16","67339074665"
"030210","다올투자증권","KOSPI","증권","4105","100","2.50","250040090130"
"023590","다우기술","KOSPI","IT 서비스","52200","900","1.75","2342037407400"
"145210","다이나믹디자인","KOSPI","기계·장비","454","4","0.89","19175447272"
"483650","달바글로벌","KOSPI","화학","171700","-1900","-1.09","2127820580500"
"019680","대교","KOSPI","일반서비스","1744","24","1.40","147721770400"
"019685","대교우B","KOSPI","일반서비스","1156","4","0.35","22457600440"
"006370","대구백화점","KOSPI","유통","5270","150","2.93","57029889970"
"008060","대덕","KOSPI","기타금융","11100","50","0.45","376180665000"
"00806K","대덕1우","KOSPI","기타금융","9190","50","0.55","11141560830"
"353200","대덕전자","KOSPI","전기·전자","57700","-3200","-5.25","2851356572500"
"35320K","대덕전자1우","KOSPI","전기·전자","16250","-390","-2.34","34052183750"
"000490","대동","KOSPI","기계·장비","11690","410","3.63","336986051850"
"008110","대동전자","KOSPI","전기·전자","15040","0","0.00","157776322880"
"005750","대림바스","KOSPI","비금속","5780","370","6.84","96365547200"
"006570","대림통상","KOSPI","금속","2085","-20","-0.95","31744125000"
"001680","대상","KOSPI","음식료·담배","23000","400","1.77","796904575000"
"001685","대상우","KOSPI","음식료·담배","17430","110","0.64","23882986890"
"084690","대상홀딩스","KOSPI","기타금융","10170","170","1.70","368281511460"
"084695","대상홀딩스우","KOSPI","기타금융","14180","190","1.36","12953174760"
"128820","대성산업","KOSPI","유통","8800","240","2.80","398072206400"
"117580","대성에너지","KOSPI","전기·가스","8100","80","1.00","222750000000"
"016710","대성홀딩스","KOSPI","일반서비스","8770","210","2.45","141104555430"
"0030R0","대신밸류리츠","KOSPI","기타금융","4545","30","0.66","271700100000"
"003540","대신증권","KOSPI","증권","35500","4200","13.42","1802455700000"
"003547","대신증권2우B","KOSPI","증권","23400","1050","4.70","234000000000"
"003545","대신증권우","KOSPI","증권","24350","1200","5.18","633100000000"
"009190","대양금속","KOSPI","금속","1397","-27","-1.90","60340097125"
"014160","대영포장","KOSPI","종이·목재","1083","24","2.27","117391296567"
"047040","대우건설","KOSPI","건설","7060","1290","22.36","2934295824280"
"003090","대웅","KOSPI","제약","26250","1000","3.96","1526226975000"
"069620","대웅제약","KOSPI","제약","178900","10100","5.98","2072838267500"
"000430","대원강업","KOSPI","운송장비·부품","4055","85","2.14","251410000000"
"006340","대원전선","KOSPI","전기·전자","3670","-90","-2.39","282864042570"
"006345","대원전선우","KOSPI","전기·전자","3555","-25","-0.70","9318366000"
"003220","대원제약","KOSPI","제약","11750","170","1.47","263524100250"
"024890","대원화성","KOSPI","화학","811","19","2.40","33453062272"
"002880","대유에이텍","KOSPI","운송장비·부품","1026","1","0.10","47990118870"
"012800","대창","KOSPI","금속","1391","28","2.05","126776434109"
"015230","대창단조","KOSPI","운송장비·부품","6820","230","3.49","194862608600"
"001070","대한방직","KOSPI","섬유·의류","6730","100","1.51","35669000000"
"006650","대한유화","KOSPI","화학","147800","2300","1.58","960700000000"
"001440","대한전선","KOSPI","전기·전자","31100","-450","-1.43","5798511030000"
"084010","대한제강","KOSPI","금속","13510","20","0.15","464360261960"
"001790","대한제당","KOSPI","음식료·담배","2850","25","0.88","255635253000"
"001795","대한제당우","KOSPI","음식료·담배","2455","10","0.41","15915175800"
"001130","대한제분","KOSPI","음식료·담배","145000","-3000","-2.03","245050000000"
"439260","대한조선","KOSPI","운송장비·부품","75300","1600","2.17","2901031293600"
"003490","대한항공","KOSPI","운송·창고","24950","750","3.10","9187105491950"
"003495","대한항공우","KOSPI","운송·창고","24000","250","1.05","26659056000"
"005880","대한해운","KOSPI","운송·창고","2215","110","5.23","714885358100"
"003830","대한화섬","KOSPI","화학","118600","2400","2.07","157500800000"
"016090","대현","KOSPI","섬유·의류","1711","37","2.21","75767032410"
"069460","대호에이엘","KOSPI","금속","959","-411","-30.00","83502001968"
"475560","더본코리아","KOSPI","유통","24150","150","0.63","356855856000"
"192080","더블유게임즈","KOSPI","IT 서비스","56400","-200","-0.35","1194183595200"
"012510","더존비즈온","KOSPI","IT 서비스","84300","-600","-0.71","2561268691200"
"004830","덕성","KOSPI","화학","4890","25","0.51","76675200000"
"004835","덕성우","KOSPI","화학","6940","90","1.31","9660480000"
"145720","덴티움","KOSPI","의료·정밀기기","49900","900","1.84","552334617000"
"002150","도화엔지니어링","KOSPI","일반서비스","6560","40","0.61","221203200000"
"460850","동국씨엠","KOSPI","금속","5540","130","2.40","165638554240"
"460860","동국제강","KOSPI","금속","8610","160","1.89","427125026370"
"001230","동국홀딩스","KOSPI","기타금융","7920","300","3.94","251859825360"
"023450","동남합성","KOSPI","화학","31600","150","0.48","110600000000"
"004140","동방","KOSPI","운송·창고","2595","75","2.98","124486732770"
"007590","동방아그로","KOSPI","화학","5900","50","0.85","80343704300"
"005960","동부건설","KOSPI","건설","6710","190","2.91","153972108730"
"005965","동부건설우","KOSPI","건설","20300","100","0.50","4582359600"
"026960","동서","KOSPI","유통","27100","600","2.26","2701870000000"
"002210","동성제약","KOSPI","제약","973","0","0.00","25900780311"
"102260","동성케미컬","KOSPI","화학","4415","50","1.15","221530532265"
"000640","동아쏘시오홀딩스","KOSPI","기타금융","109000","3900","3.71","712471306000"
"170900","동아에스티","KOSPI","제약","55300","100","0.18","517201600300"
"028100","동아지질","KOSPI","건설","18290","280","1.55","244893991580"
"001520","동양","KOSPI","비금속","944","6","0.64","225317755472"
"001527","동양2우B","KOSPI","비금속","9080","-20","-0.22","2801806520"
"084670","동양고속","KOSPI","운송·창고","57400","-2500","-4.17","166205660600"
"082640","동양생명","KOSPI","보험","7450","180","2.48","1202121458250"
"001525","동양우","KOSPI","비금속","4805","-45","-0.93","2968197455"
"018500","동원금속","KOSPI","운송장비·부품","1600","36","2.30","74807892800"
"006040","동원산업","KOSPI","기타금융","44000","900","2.09","1942511384000"
"030720","동원수산","KOSPI","농업, 임업 및 어업","5990","50","0.84","27876291950"
"014820","동원시스템즈","KOSPI","화학","29000","-550","-1.86","840747178000"
"014825","동원시스템즈우","KOSPI","화학","17310","60","0.35","4571761410"
"111380","동인기연","KOSPI","섬유·의류","15880","1040","7.01","97312640000"
"163560","동일고무벨트","KOSPI","화학","7290","20","0.28","101331000000"
"004890","동일산업","KOSPI","금속","38900","750","1.97","94340863500"
"002690","동일제강","KOSPI","금속","1627","32","2.01","33028685720"
"000020","동화약품","KOSPI","제약","6170","70","1.15","172337169900"
"000150","두산","KOSPI","기타금융","878000","-7000","-0.79","14218187130000"
"000157","두산2우B","KOSPI","기타금융","409000","-2000","-0.49","365252542000"
"454910","두산로보틱스","KOSPI","기계·장비","104100","300","0.29","6747759918000"
"241560","두산밥캣","KOSPI","기계·장비","62200","1000","1.63","5962247243000"
"034020","두산에너빌리티","KOSPI","기계·장비","94100","-1300","-1.36","60276803838600"
"000155","두산우","KOSPI","기타금융","473500","-6000","-1.25","1892324757000"
"336260","두산퓨얼셀","KOSPI","전기·전자","34600","-1400","-3.89","2266082919600"
"33626K","두산퓨얼셀1우","KOSPI","전기·전자","7210","10","0.14","96355882000"
"33626L","두산퓨얼셀2우B","KOSPI","전기·전자","10080","0","0.00","30101904000"
"016740","두올","KOSPI","운송장비·부품","4870","-75","-1.52","139642496880"
"192650","드림텍","KOSPI","전기·전자","7850","-150","-1.88","541242004100"
"024090","디씨엠","KOSPI","금속","11940","60","0.51","136116000000"
"003160","디아이","KOSPI","의료·정밀기기","36600","-600","-1.61","1035780000000"
"092200","디아이씨","KOSPI","운송장비·부품","10350","100","0.98","402496689150"
"377190","디앤디플랫폼리츠","KOSPI","부동산","3330","40","1.22","294372000000"
"013570","디와이","KOSPI","기타금융","5360","70","1.32","141073232880"
"024900","디와이덕양","KOSPI","운송장비·부품","2135","45","2.15","69526232300"
"210540","디와이파워","KOSPI","기계·장비","14940","900","6.41","164963117520"
"032350","롯데관광개발","KOSPI","일반서비스","26250","-300","-1.13","2087911455000"
"089860","롯데렌탈","KOSPI","일반서비스","33200","750","2.31","1205471681600"
"330590","롯데리츠","KOSPI","부동산","4500","50","1.12","1300359978000"
"000400","롯데손해보험","KOSPI","보험","1775","49","2.84","550846968000"
"023530","롯데쇼핑","KOSPI","유통","113500","14700","14.88","3210773692500"
"020150","롯데에너지머티리얼즈","KOSPI","전기·전자","45300","50","0.11","2372155473900"
"280360","롯데웰푸드","KOSPI","음식료·담배","126100","3400","2.77","1173306781400"
"286940","롯데이노베이트","KOSPI","IT 서비스","23200","1000","4.50","351001314400"
"004000","롯데정밀화학","KOSPI","화학","48250","850","1.79","1244850000000"
"004990","롯데지주","KOSPI","기타금융","32900","550","1.70","3451513897300"
"00499K","롯데지주우","KOSPI","기타금융","30150","150","0.50","24288930450"
"005300","롯데칠성","KOSPI","음식료·담배","138400","-4300","-3.01","1284197545600"
"005305","롯데칠성우","KOSPI","음식료·담배","85700","-100","-0.12","66444067000"
"011170","롯데케미칼","KOSPI","화학","76600","1700","2.27","3276597095400"
"071840","롯데하이마트","KOSPI","유통","8150","-150","-1.81","192402852800"
"027740","마니커","KOSPI","음식료·담배","787","-3","-0.38","49983336436"
"357430","마스턴프리미어리츠","KOSPI","부동산","1581","4","0.25","48228890367"
"001080","만호제강","KOSPI","금속","51000","900","1.80","211650000000"
"088980","맥쿼리인프라","KOSPI","기타금융","11330","90","0.80","5426186180690"
"094800","맵스리얼티","KOSPI","기타금융","5860","30","0.51","544009179660"
"138040","메리츠금융지주","KOSPI","기타금융","122100","1300","1.08","21394578483300"
"090370","메타랩스","KOSPI","섬유·의류","1753","-7","-0.40","43657919817"
"118000","메타케어","KOSPI","유통","300","0","0.00","51533209200"
"017180","명문제약","KOSPI","제약","1817","17","0.94","61693425918"
"009900","명신산업","KOSPI","운송장비·부품","9400","160","1.73","493219250200"
"317450","명인제약","KOSPI","제약","64100","1000","1.58","935860000000"
"012690","모나리자","KOSPI","종이·목재","2215","5","0.23","81005329825"
"005360","모나미","KOSPI","유통","1840","11","0.60","34771044880"
"070960","모나용평","KOSPI","일반서비스","3375","-5","-0.15","162449998875"
"009680","모토닉","KOSPI","운송장비·부품","10470","80","0.77","293683500000"
"009580","무림P&P","KOSPI","종이·목재","2445","20","0.82","152490552180"
"009200","무림페이퍼","KOSPI","종이·목재","1963","20","1.03","81679075530"
"033920","무학","KOSPI","음식료·담배","9400","380","4.21","267900000000"
"008420","문배철강","KOSPI","금속","2060","20","0.98","42237220300"
"025560","미래산업","KOSPI","의료·정밀기기","14250","410","2.96","63877819500"
"007120","미래아이앤지","KOSPI","IT 서비스","1095","4","0.37","31622075760"
"396690","미래에셋글로벌리츠","KOSPI","부동산","2585","10","0.39","102381354900"
"357250","미래에셋맵스리츠","KOSPI","부동산","2530","10","0.40","63237615650"
"085620","미래에셋생명","KOSPI","보험","8400","-380","-4.33","1486935987600"
"006800","미래에셋증권","KOSPI","증권","51900","-1500","-2.81","29431749594600"
"00680K","미래에셋증권2우B","KOSPI","증권","16980","100","0.59","2320800624360"
"006805","미래에셋증권우","KOSPI","증권","19480","-310","-1.57","274195610000"
"081660","미스토홀딩스","KOSPI","유통","53700","-500","-0.92","2851031808000"
"002840","미원상사","KOSPI","화학","148900","3900","2.69","707275000000"
"268280","미원에스씨","KOSPI","화학","142100","-600","-0.42","710500000000"
"107590","미원홀딩스","KOSPI","기타금융","68700","400","0.59","159384000000"
"134380","미원화학","KOSPI","화학","104300","-100","-0.10","229383652400"
"003650","미창석유","KOSPI","화학","124000","600","0.49","215719328000"
"377740","바이오노트","KOSPI","제약","5720","70","1.24","583760594560"
"003610","방림","KOSPI","섬유·의류","5950","-20","-0.34","239202840100"
"035150","백산","KOSPI","화학","13780","250","1.85","279873908340"
"002410","범양건영","KOSPI","건설","1935","0","0.00","53173451700"
"007210","벽산","KOSPI","비금속","1926","2","0.10","128772360000"
"002760","보락","KOSPI","화학","1310","-6","-0.46","78469000000"
"003850","보령","KOSPI","제약","9540","180","1.92","818409954780"
"000890","보해양조","KOSPI","음식료·담배","413","1","0.24","57043613277"
"003000","부광약품","KOSPI","제약","4375","140","3.31","431657935625"
"001270","부국증권","KOSPI","증권","73400","1100","1.52","761149632400"
"001275","부국증권우","KOSPI","증권","29550","50","0.17","88650000000"
"026940","부국철강","KOSPI","금속","2075","15","0.73","41500000000"
"011390","부산산업","KOSPI","비금속","82000","1600","1.99","86592000000"
"005030","부산주공","KOSPI","운송장비·부품","486","0","0.00","38288532168"
"006740","블루산업개발","KOSPI","종이·목재","823","15","1.86","46890908924"
"002070","비비안","KOSPI","섬유·의류","557","3","0.54","25174214889"
"100220","비상교육","KOSPI","오락·문화","5270","120","2.33","68492825070"
"090460","비에이치","KOSPI","전기·전자","19950","60","0.30","672545183100"
"005180","빙그레","KOSPI","음식료·담배","80500","1400","1.77","769234091500"
"003960","사조대림","KOSPI","음식료·담배","37550","350","0.94","344125735850"
"008040","사조동아원","KOSPI","음식료·담배","1100","0","0.00","155259060000"
"007160","사조산업","KOSPI","음식료·담배","64000","-300","-0.47","320000000000"
"014710","사조씨푸드","KOSPI","음식료·담배","9470","80","0.85","163059602210"
"006090","사조오양","KOSPI","음식료·담배","8470","50","0.59","79810599330"
"062040","산일전기","KOSPI","전기·전자","155000","-4500","-2.82","4734506000000"
"001470","삼부토건","KOSPI","건설","347","0","0.00","79699592928"
"028050","삼성E&A","KOSPI","일반서비스","32950","-350","-1.05","6458200000000"
"448730","삼성FN리츠","KOSPI","부동산","5100","10","0.20","464355000000"
"006400","삼성SDI","KOSPI","전기·전자","381000","1000","0.26","30703086930000"
"006405","삼성SDI우","KOSPI","전기·전자","203500","500","0.25","329241836000"
"006660","삼성공조","KOSPI","운송장비·부품","13510","90","0.67","109786502140"
"028260","삼성물산","KOSPI","유통","317000","4500","1.44","53882564448000"
"02826K","삼성물산우B","KOSPI","유통","185500","0","0.00","272237945000"
"207940","삼성바이오로직스","KOSPI","제약","1710000","16000","0.94","79157526210000"
"032830","삼성생명","KOSPI","보험","197700","4700","2.44","39540000000000"
"018260","삼성에스디에스","KOSPI","IT 서비스","169700","1900","1.13","13131012660000"
"0126Z0","삼성에피스홀딩스","KOSPI","기타금융","615000","17000","2.84","15303075135000"
"009150","삼성전기","KOSPI","전기·전자","313500","9500","3.13","23416473696000"
"009155","삼성전기우","KOSPI","전기·전자","125100","1400","1.13","363663698400"
"005930","삼성전자","KOSPI","전기·전자","165800","-600","-0.36","981475967467600"
"005935","삼성전자우","KOSPI","전기·전자","114300","-900","-0.78","93265904095200"
"001360","삼성제약","KOSPI","제약","2060","-85","-3.96","193973882740"
"010140","삼성중공업","KOSPI","운송장비·부품","27850","-100","-0.36","24508000000000"
"016360","삼성증권","KOSPI","증권","95600","3000","3.24","8537080000000"
"068290","삼성출판사","KOSPI","오락·문화","10760","90","0.84","107600000000"
"029780","삼성카드","KOSPI","기타금융","60600","1300","2.19","7021048794600"
"000810","삼성화재","KOSPI","보험","534000","3000","0.56","24569956770000"
"000815","삼성화재우","KOSPI","보험","401000","2000","0.50","1242903510000"
"006110","삼아알미늄","KOSPI","금속","29000","-900","-3.01","426645564000"
"0120G0","삼양바이오팜","KOSPI","제약","97700","1500","1.56","726484499000"
"145990","삼양사","KOSPI","음식료·담배","49800","1000","2.05","513609760200"
"145995","삼양사우","KOSPI","음식료·담배","37800","400","1.07","13988646000"
"003230","삼양식품","KOSPI","음식료·담배","1148000","53000","4.84","8647901220000"
"002170","삼양통상","KOSPI","섬유·의류","57800","500","0.87","173400000000"
"272550","삼양패키징","KOSPI","화학","12600","260","2.11","189861915600"
"000070","삼양홀딩스","KOSPI","기타금융","62200","300","0.48","482870480200"
"003720","삼영","KOSPI","화학","6750","-260","-3.71","229500000000"
"002810","삼영무역","KOSPI","유통","17900","200","1.13","330558369200"
"005680","삼영전자","KOSPI","전기·전자","11920","-110","-0.91","238400000000"
"023000","삼원강재","KOSPI","운송장비·부품","2420","25","1.04","96800000000"
"004380","삼익THK","KOSPI","기계·장비","9960","0","0.00","206172000000"
"002450","삼익악기","KOSPI","기타제조","1186","11","0.94","107369665190"
"004440","삼일씨엔에스","KOSPI","비금속","6340","70","1.12","80720543980"
"000520","삼일제약","KOSPI","제약","10910","490","4.70","236657658010"
"009770","삼정펄프","KOSPI","종이·목재","33000","100","0.30","82499043000"
"005500","삼진제약","KOSPI","제약","19430","200","1.04","258807600000"
"004690","삼천리","KOSPI","전기·가스","148100","4400","3.06","600549202500"
"010960","삼호개발","KOSPI","건설","4025","70","1.77","97083000000"
"004450","삼화왕관","KOSPI","금속","28400","150","0.53","61184363600"
"009470","삼화전기","KOSPI","전기·전자","50100","-4800","-8.74","331352382000"
"011230","삼화전자","KOSPI","전기·전자","2825","10","0.36","54143342625"
"001820","삼화콘덴서","KOSPI","전기·전자","35000","1950","5.90","363825000000"
"000390","삼화페인트","KOSPI","화학","12350","2850","30.00","335962842150"
"001290","상상인증권","KOSPI","증권","754","6","0.80","81686188480"
"041650","상신브레이크","KOSPI","운송장비·부품","2735","70","2.63","58724415750"
"075180","새론오토모티브","KOSPI","운송장비·부품","3165","15","0.48","60768000000"
"007540","샘표","KOSPI","기타금융","53500","1500","2.88","153855300000"
"248170","샘표식품","KOSPI","음식료·담배","30500","850","2.87","139332723000"
"007860","서연","KOSPI","기타금융","10540","60","0.57","247477555760"
"200880","서연이화","KOSPI","운송장비·부품","15300","160","1.06","413535086100"
"017390","서울가스","KOSPI","전기·가스","65500","700","1.08","327500000000"
"031210","서울보증보험","KOSPI","보험","55200","100","0.18","3854152209600"
"004410","서울식품","KOSPI","음식료·담배","148","1","0.68","57745920128"
"004415","서울식품우","KOSPI","음식료·담배","1214","4","0.33","2700543000"
"021050","서원","KOSPI","금속","1234","4","0.33","58583644060"
"008490","서흥","KOSPI","화학","23300","400","1.75","269560332900"
"007610","선도전기","KOSPI","전기·전자","3000","0","0.00","54000000000"
"136490","선진","KOSPI","음식료·담배","12600","-20","-0.16","299623010400"
"014910","성문전자","KOSPI","전기·전자","2045","145","7.63","45932714325"
"014915","성문전자우","KOSPI","전기·전자","4685","30","0.64","2811000000"
"004980","성신양회","KOSPI","비금속","10600","300","2.91","259870373800"
"004985","성신양회우","KOSPI","비금속","11830","250","2.16","8702680350"
"011300","성안머티리얼스","KOSPI","섬유·의류","420","5","1.20","65359423500"
"000180","성창기업지주","KOSPI","일반서비스","1506","11","0.74","105045909600"
"002420","세기상사","KOSPI","유통","5110","120","2.40","30506434280"
"004360","세방","KOSPI","운송·창고","15290","50","0.33","292277569870"
"004365","세방우","KOSPI","운송·창고","9330","50","0.54","34420702500"
"004490","세방전지","KOSPI","전기·전자","67500","2500","3.85","935550000000"
"001430","세아베스틸지주","KOSPI","금속","80700","-3700","-4.38","2894073003300"
"306200","세아제강","KOSPI","금속","125100","1700","1.38","354821130000"
"003030","세아제강지주","KOSPI","기타금융","145900","4700","3.33","604267756300"
"019440","세아특수강","KOSPI","금속","18870","0","0.00","161715900000"
"058650","세아홀딩스","KOSPI","금속","161000","-6800","-4.05","644000000000"
"013000","세우글로벌","KOSPI","유통","1135","8","0.71","32580210185"
"021820","세원정공","KOSPI","운송장비·부품","14490","1510","11.63","144900000000"
"067830","세이브존I&C","KOSPI","유통","3375","135","4.17","138513020625"
"075580","세진중공업","KOSPI","운송장비·부품","18070","20","0.11","1027269669920"
"068270","셀트리온","KOSPI","제약","227500","-2500","-1.09","52543620447500"
"336370","솔루스첨단소재","KOSPI","전기·전자","8920","-60","-0.67","626338708480"
"33637K","솔루스첨단소재1우","KOSPI","전기·전자","2115","10","0.48","35762040090"
"33637L","솔루스첨단소재2우B","KOSPI","전기·전자","3715","-45","-1.20","14036369640"
"248070","솔루엠","KOSPI","전기·전자","17260","300","1.77","825308233360"
"004430","송원산업","KOSPI","화학","9410","100","1.07","225840000000"
"017550","수산세보틱스","KOSPI","기계·장비","1757","2","0.11","109635271410"
"126720","수산인더스트리","KOSPI","건설","26050","-600","-2.25","372150300000"
"053210","스카이라이프","KOSPI","오락·문화","5000","5","0.10","237614775000"
"204210","스타에스엠리츠","KOSPI","부동산","2035","0","0.00","15927568525"
"026890","스틱인베스트먼트","KOSPI","기타금융","12040","710","6.27","501805227000"
"134790","시디즈","KOSPI","기타제조","20000","-150","-0.74","40000000000"
"462870","시프트업","KOSPI","IT 서비스","33650","300","0.90","1984052456000"
"016590","신대양제지","KOSPI","종이·목재","16000","3400","26.98","644765120000"
"029530","신도리코","KOSPI","전기·전자","56400","-2400","-4.08","568513635600"
"004970","신라교역","KOSPI","농업, 임업 및 어업","9920","320","3.33","158720000000"
"011930","신성이엔지","KOSPI","전기·전자","2430","10","0.41","500211006930"
"004170","신세계","KOSPI","유통","376500","21500","6.06","3631410646500"
"035510","신세계 I&C","KOSPI","IT 서비스","18060","790","4.57","252495054000"
"031430","신세계인터내셔날","KOSPI","유통","12740","1020","8.70","450269820000"
"031440","신세계푸드","KOSPI","일반서비스","48000","100","0.21","185879040000"
"006880","신송홀딩스","KOSPI","유통","6780","0","0.00","80199657240"
"005800","신영와코루","KOSPI","섬유·의류","17180","290","1.72","154620000000"
"001720","신영증권","KOSPI","증권","188500","4700","2.56","3098940000000"
"009270","신원","KOSPI","섬유·의류","1470","-6","-0.41","168712477710"
"002700","신일전자","KOSPI","유통","1397","0","0.00","99253386837"
"002870","신풍","KOSPI","유통","1140","6","0.53","39852918000"
"019170","신풍제약","KOSPI","제약","12940","290","2.29","685625770600"
"019175","신풍제약우","KOSPI","제약","20100","300","1.52","44220000000"
"481850","신한글로벌액티브리츠","KOSPI","기타금융","1278","1","0.08","55564454592"
"404990","신한서부티엔디리츠","KOSPI","부동산","3900","15","0.39","230506801200"
"293940","신한알파리츠","KOSPI","부동산","5820","20","0.34","703871515860"
"055550","신한지주","KOSPI","기타금융","97900","4500","4.82","47529954038600"
"004080","신흥","KOSPI","유통","13580","10","0.07","129010000000"
"004770","써니전자","KOSPI","전기·전자","1659","17","1.04","58906839642"
"403550","쏘카","KOSPI","일반서비스","11860","60","0.51","389504957720"
"004920","씨아이테크","KOSPI","전기·전자","1139","6","0.53","59432874208"
"112610","씨에스윈드","KOSPI","금속","43000","-100","-0.23","1813370329000"
"480370","씨케이솔루션","KOSPI","건설","8950","160","1.82","97867005950"
"308170","씨티알모빌리티","KOSPI","운송장비·부품","6700","-20","-0.30","57687000000"
"008700","아남전자","KOSPI","전기·전자","1323","1","0.08","102036136860"
"090430","아모레퍼시픽","KOSPI","화학","164200","-900","-0.55","9604511027800"
"090435","아모레퍼시픽우","KOSPI","화학","54800","-200","-0.36","578569084000"
"002790","아모레퍼시픽홀딩스","KOSPI","화학","35050","100","0.29","2785009209000"
"00279K","아모레퍼시픽홀딩스3우C","KOSPI","화학","26650","600","2.30","189007130000"
"002795","아모레퍼시픽홀딩스우","KOSPI","화학","12820","50","0.39","82609131400"
"002030","아세아","KOSPI","일반서비스","289000","5000","1.76","598994694000"
"183190","아세아시멘트","KOSPI","비금속","13740","750","5.77","507386020920"
"002310","아세아제지","KOSPI","종이·목재","10250","1150","12.64","414945727500"
"012170","아센디오","KOSPI","오락·문화","1667","65","4.06","32328624432"
"267850","아시아나IDT","KOSPI","IT 서비스","10920","180","1.68","121212000000"
"020560","아시아나항공","KOSPI","운송·창고","7800","140","1.83","1606727545800"
"122900","아이마켓코리아","KOSPI","유통","7920","10","0.13","264756412800"
"010780","아이에스동서","KOSPI","비금속","29250","-300","-1.02","882969048000"
"031820","아이티센씨티에스","KOSPI","IT 서비스","617","7","1.15","74688754522"
"139990","아주스틸","KOSPI","금속","3160","5","0.16","122467108240"
"009320","아진전자부품","KOSPI","운송장비·부품","1064","15","1.43","52454955280"
"001780","알루코","KOSPI","금속","2285","55","2.47","221256851620"
"018250","애경산업","KOSPI","화학","13600","80","0.59","359175116000"
"161000","애경케미칼","KOSPI","화학","10140","-190","-1.84","493297909260"
"011090","에넥스","KOSPI","기타제조","518","-2","-0.38","31075670038"
"137310","에스디바이오센서","KOSPI","의료·정밀기기","9190","420","4.79","1118874247380"
"005850","에스엘","KOSPI","운송장비·부품","54500","1100","2.06","2531444340000"
"010580","에스엠벡셀","KOSPI","운송장비·부품","2290","110","5.05","254766530400"
"012750","에스원","KOSPI","일반서비스","90500","1100","1.23","3438925609000"
"023960","에쓰씨엔지니어링","KOSPI","건설","1585","-25","-1.55","60287020375"
"298690","에어부산","KOSPI","운송·창고","1987","54","2.79","231763680000"
"140910","에이리츠","KOSPI","부동산","3130","0","0.00","13969290160"
"078520","에이블씨엔씨","KOSPI","화학","11300","-510","-4.32","293960019300"
"015260","에이엔피","KOSPI","전기·전자","441","21","5.00","19896550254"
"007460","에이프로젠","KOSPI","금속","588","-17","-2.81","193631357640"
"003060","에이프로젠바이오로직스","KOSPI","제약","454","-16","-3.40","90077161630"
"244920","에이플러스에셋","KOSPI","기타금융","13870","570","4.29","313568701910"
"278470","에이피알","KOSPI","화학","275500","9500","3.57","10312145452500"
"450080","에코프로머티","KOSPI","전기·전자","64500","-2200","-3.30","4551039633000"
"019490","엑시큐어하이트론","KOSPI","전기·전자","541","0","0.00","41349858070"
"036570","엔씨소프트","KOSPI","IT 서비스","203500","500","0.25","4384208477000"
"085310","엔케이","KOSPI","금속","1120","34","3.13","88345960640"
"900140","엘브이엠씨홀딩스","KOSPI","유통","1579","97","6.55","305126642128"
"066970","엘앤에프","KOSPI","전기·전자","118000","-2800","-2.32","4748288612000"
"097520","엠씨넥스","KOSPI","전기·전자","29800","150","0.51","518564700000"
"484870","엠앤씨솔루션","KOSPI","기계·장비","129300","300","0.23","1183599270000"
"014440","영보화학","KOSPI","화학","4750","70","1.50","95000000000"
"111770","영원무역","KOSPI","유통","97200","4900","5.31","4307074689600"
"009970","영원무역홀딩스","KOSPI","기타금융","227500","12500","5.81","3071076417500"
"003520","영진약품","KOSPI","제약","1887","18","0.96","345118583397"
"000670","영풍","KOSPI","금속","59300","1700","2.95","1072022435000"
"012280","영화금속","KOSPI","운송장비·부품","971","-1","-0.10","50166234355"
"012160","영흥","KOSPI","금속","472","6","1.29","47818495584"
"007310","오뚜기","KOSPI","음식료·담배","394000","3000","0.77","1579085020000"
"002630","오리엔트바이오","KOSPI","제약","548","5","0.92","64983486740"
"271560","오리온","KOSPI","음식료·담배","128200","1700","1.34","5068532122400"
"001800","오리온홀딩스","KOSPI","기타금융","22650","100","0.44","1418918808300"
"005320","온타이드","KOSPI","유통","459","5","1.10","31384441710"
"011690","와이투솔루션","KOSPI","전기·전자","6000","-920","-13.29","220046364000"
"316140","우리금융지주","KOSPI","기타금융","35600","1050","3.04","26133116992000"
"006980","우성","KOSPI","음식료·담배","18290","260","1.44","56516100000"
"017370","우신시스템","KOSPI","기계·장비","6930","130","1.91","126916394220"
"105840","우진","KOSPI","의료·정밀기기","24250","-1250","-4.90","489793497500"
"010400","우진아이엔에스","KOSPI","건설","4030","15","0.37","30716660000"
"049800","우진플라임","KOSPI","기계·장비","2850","240","9.20","57000000000"
"016880","웅진","KOSPI","일반서비스","2600","180","7.44","207810408000"
"095720","웅진씽크빅","KOSPI","일반서비스","1187","37","3.22","137105604195"
"005820","원림","KOSPI","섬유·의류","14470","70","0.49","33251625900"
"008600","윌비스","KOSPI","유통","330","-13","-3.79","22187892870"
"033270","유나이티드제약","KOSPI","제약","19670","540","2.82","321286278740"
"014830","유니드","KOSPI","화학","83400","1800","2.21","564417840000"
"446070","유니드비티플러스","KOSPI","종이·목재","3150","50","1.61","33425327250"
"000910","유니온","KOSPI","비금속","4465","20","0.45","69705878835"
"047400","유니온머티리얼","KOSPI","비금속","1528","23","1.53","64176000000"
"011330","유니켐","KOSPI","섬유·의류","1305","22","1.71","122051009790"
"077500","유니퀘스트","KOSPI","유통","6760","50","0.75","146016689520"
"002920","유성기업","KOSPI","운송장비·부품","2175","60","2.84","56435812500"
"000700","유수홀딩스","KOSPI","일반서비스","6030","50","0.84","157032126360"
"003470","유안타증권","KOSPI","증권","4580","160","3.62","914152318080"
"003475","유안타증권우","KOSPI","증권","4390","80","1.86","56684610680"
"072130","유엔젤","KOSPI","IT 서비스","4735","10","0.21","61059974690"
"000220","유유제약","KOSPI","제약","4365","55","1.28","74346212115"
"000225","유유제약1우","KOSPI","제약","4720","-65","-1.36","10699909600"
"000227","유유제약2우B","KOSPI","제약","10640","-20","-0.19","3463958400"
"001200","유진투자증권","KOSPI","증권","4355","155","3.69","421853250390"
"000100","유한양행","KOSPI","제약","108200","900","0.84","8617870428200"
"000105","유한양행우","KOSPI","제약","93900","1500","1.62","110890266000"
"003460","유화증권","KOSPI","증권","3100","35","1.14","175777486500"
"003465","유화증권우","KOSPI","증권","2775","45","1.65","48497079375"
"008730","율촌화학","KOSPI","화학","27950","-400","-1.41","693160000000"
"008250","이건산업","KOSPI","종이·목재","4770","50","1.06","52244068950"
"025820","이구산업","KOSPI","금속","5540","-60","-1.07","185268680000"
"214320","이노션","KOSPI","일반서비스","19950","230","1.17","798000000000"
"088260","이리츠코크렙","KOSPI","부동산","4680","5","0.11","296438641200"
"139480","이마트","KOSPI","유통","117600","10200","9.50","3245268314400"
"457190","이수스페셜티케미컬","KOSPI","화학","100500","-1700","-1.66","3035932140000"
"007660","이수페타시스","KOSPI","전기·전자","110700","-4000","-3.49","8126400543300"
"005950","이수화학","KOSPI","화학","9070","-220","-2.37","238488112830"
"015020","이스타코","KOSPI","부동산","551","5","0.92","23611231600"
"074610","이엔플러스","KOSPI","기계·장비","5110","0","0.00","37494481920"
"102460","이연제약","KOSPI","제약","11880","280","2.41","220811314680"
"084680","이월드","KOSPI","기타제조","1592","45","2.91","225755459256"
"350520","이지스레지던스리츠","KOSPI","부동산","3810","-20","-0.52","140460229620"
"334890","이지스밸류플러스리츠","KOSPI","부동산","4205","10","0.24","292031712015"
"000760","이화산업","KOSPI","유통","17190","880","5.40","48132000000"
"014990","인디에프","KOSPI","섬유·의류","820","-1","-0.12","61592655900"
"101140","인바이오젠","KOSPI","유통","10960","-30","-0.27","110084607360"
"006490","인스코비","KOSPI","통신","584","-15","-2.50","73517492328"
"023800","인지컨트롤스","KOSPI","운송장비·부품","7480","110","1.49","118252793560"
"034590","인천도시가스","KOSPI","전기·가스","26250","100","0.38","114837292500"
"129260","인터지스","KOSPI","운송·창고","2530","30","1.20","75262121220"
"023810","인팩","KOSPI","운송장비·부품","8370","-50","-0.59","83700000000"
"249420","일동제약","KOSPI","제약","36300","-50","-0.14","1148468547600"
"000230","일동홀딩스","KOSPI","제약","11650","10","0.09","134445660000"
"013360","일성건설","KOSPI","건설","2030","10","0.50","109670506400"
"003120","일성아이에스","KOSPI","제약","22700","150","0.67","301910000000"
"003200","일신방직","KOSPI","섬유·의류","14380","310","2.20","330164800000"
"007110","일신석재","KOSPI","유통","1725","8","0.47","133612652250"
"007570","일양약품","KOSPI","제약","13050","0","0.00","249067915200"
"007575","일양약품우","KOSPI","제약","12980","0","0.00","5777138400"
"008500","일정실업","KOSPI","섬유·의류","3180","60","1.92","19080000000"
"081000","일진다이아","KOSPI","화학","13350","30","0.23","189609716250"
"020760","일진디스플","KOSPI","전기·전자","902","0","0.00","46465394382"
"103590","일진전기","KOSPI","전기·전자","68300","-3500","-4.87","3256912137000"
"271940","일진하이솔루스","KOSPI","운송장비·부품","14100","150","1.08","512015979000"
"015860","일진홀딩스","KOSPI","기타금융","7520","-70","-0.92","371093072160"
"226320","잇츠한불","KOSPI","화학","11870","240","2.06","260300969050"
"317400","자이에스앤디","KOSPI","부동산","4660","0","0.00","180726543200"
"033240","자화전자","KOSPI","전기·전자","41400","2050","5.21","900724730400"
"000950","전방","KOSPI","섬유·의류","39350","700","1.81","66108000000"
"079900","전진건설로봇","KOSPI","기계·장비","57800","1700","3.03","843449101000"
"348950","제이알글로벌리츠","KOSPI","부동산","2300","-15","-0.65","453964800000"
"194370","제이에스코퍼레이션","KOSPI","섬유·의류","13300","100","0.76","385922881400"
"030000","제일기획","KOSPI","일반서비스","21600","300","1.41","2484890460000"
"271980","제일약품","KOSPI","제약","14730","150","1.03","216602764560"
"001560","제일연마","KOSPI","비금속","9670","320","3.42","94766000000"
"002620","제일파마홀딩스","KOSPI","일반서비스","8060","40","0.50","128745241300"
"006220","제주은행","KOSPI","은행","15450","-300","-1.90","583987705650"
"089590","제주항공","KOSPI","운송·창고","6300","210","3.45","508038205500"
"004910","조광페인트","KOSPI","화학","5410","160","3.05","69248000000"
"004700","조광피혁","KOSPI","섬유·의류","71500","800","1.13","475413367000"
"001550","조비","KOSPI","화학","14050","-670","-4.55","72950957950"
"462520","조선내화","KOSPI","비금속","13780","290","2.15","163364215040"
"120030","조선선재","KOSPI","금속","102600","1000","0.98","129034992600"
"018470","조일알미늄","KOSPI","금속","1276","6","0.47","161582075996"
"002600","조흥","KOSPI","음식료·담배","157900","100","0.06","94740000000"
"185750","종근당","KOSPI","제약","93400","4800","5.42","1289179652000"
"063160","종근당바이오","KOSPI","제약","21400","400","1.90","117399586800"
"001630","종근당홀딩스","KOSPI","제약","51600","1400","2.79","258508827600"
"109070","주성코퍼레이션","KOSPI","전기·전자","814","0","0.00","42987527220"
"044380","주연테크","KOSPI","전기·전자","409","-4","-0.97","26372967038"
"013890","지누스","KOSPI","기타제조","12190","220","1.84","271283281440"
"013870","지엠비코리아","KOSPI","운송장비·부품","5400","130","2.47","102990312000"
"071320","지역난방공사","KOSPI","전기·가스","98400","-13800","-12.30","1139348409600"
"088790","진도","KOSPI","유통","2000","21","1.06","24895488000"
"003780","진양산업","KOSPI","화학","6320","100","1.61","82160000000"
"010640","진양폴리","KOSPI","화학","2890","15","0.52","28900000000"
"100250","진양홀딩스","KOSPI","화학","3240","80","2.53","181100746080"
"051630","진양화학","KOSPI","화학","2230","140","6.70","47276000000"
"272450","진에어","KOSPI","운송·창고","7320","230","3.24","382104000000"
"011000","진원생명과학","KOSPI","제약","1888","5","0.27","161253959168"
"002780","진흥기업","KOSPI","건설","787","19","2.47","114486263315"
"002787","진흥기업2우B","KOSPI","건설","8660","0","0.00","2553037280"
"002785","진흥기업우B","KOSPI","건설","3500","10","0.29","3000263000"
"025620","차AI헬스케어","KOSPI","화학","11950","0","0.00","217537477350"
"009310","참엔지니어링","KOSPI","기계·장비","1077","0","0.00","18280441191"
"000650","천일고속","KOSPI","운송·창고","294500","-5500","-1.83","420905290000"
"033250","체시스","KOSPI","운송장비·부품","1030","-5","-0.48","32960000000"
"035720","카카오","KOSPI","IT 서비스","58300","800","1.39","25803910502700"
"323410","카카오뱅크","KOSPI","은행","27400","800","3.01","13070113373800"
"377300","카카오페이","KOSPI","기타금융","62200","-1400","-2.20","8406028330000"
"006380","카프로","KOSPI","화학","3660","0","0.00","618539985360"
"001620","케이비아이동국실업","KOSPI","운송장비·부품","586","17","2.99","65217716166"
"029460","케이씨","KOSPI","의료·정밀기기","32550","-450","-1.36","430677610650"
"281820","케이씨텍","KOSPI","의료·정밀기기","47200","-3300","-6.53","976583245600"
"381970","케이카","KOSPI","유통","15010","-170","-1.12","732800928480"
"145270","케이탑리츠","KOSPI","부동산","914","-1","-0.11","43927547436"
"417310","코람코더원리츠","KOSPI","부동산","8820","20","0.23","356328000000"
"357120","코람코라이프인프라리츠","KOSPI","부동산","4590","20","0.44","446769274860"
"007815","코리아써우","KOSPI","전기·전자","15400","-240","-1.53","45656226000"
"007810","코리아써키트","KOSPI","전기·전자","54500","-3200","-5.55","1287330929500"
"00781K","코리아써키트2우B","KOSPI","전기·전자","13210","-260","-1.93","10352663790"
"003690","코리안리","KOSPI","보험","12840","220","1.74","2501502038040"
"192820","코스맥스","KOSPI","화학","207500","0","0.00","2355023117500"
"044820","코스맥스비티아이","KOSPI","기타금융","13620","430","3.26","130805404020"
"005070","코스모신소재","KOSPI","화학","52100","-900","-1.70","1693810387600"
"005420","코스모화학","KOSPI","화학","16620","-350","-2.06","638344749360"
"071950","코아스","KOSPI","기타제조","3795","-105","-2.69","44830718295"
"002020","코오롱","KOSPI","기타금융","63600","-900","-1.40","820928448000"
"138490","코오롱ENP","KOSPI","화학","11530","-230","-1.96","438140000000"
"003070","코오롱글로벌","KOSPI","건설","9760","480","5.17","248137839840"
"003075","코오롱글로벌우","KOSPI","건설","15560","310","2.03","11525867720"
"002025","코오롱우","KOSPI","기타금융","28650","-50","-0.17","33246520050"
"120110","코오롱인더","KOSPI","화학","61800","-800","-1.28","1700679823800"
"120115","코오롱인더우","KOSPI","화학","27600","-150","-0.54","76392936000"
"021240","코웨이","KOSPI","일반서비스","87300","4700","5.69","6277667310900"
"036420","콘텐트리중앙","KOSPI","오락·문화","7340","40","0.55","141385340720"
"024720","콜마홀딩스","KOSPI","기타금융","10210","-50","-0.49","350164804390"
"192400","쿠쿠홀딩스","KOSPI","기타금융","28250","-150","-0.53","1004631726250"
"284740","쿠쿠홈시스","KOSPI","일반서비스","25050","750","3.09","562055116500"
"264900","크라운제과","KOSPI","음식료·담배","8710","150","1.75","109082733500"
"26490K","크라운제과우","KOSPI","음식료·담배","9250","40","0.43","7155430000"
"005740","크라운해태홀딩스","KOSPI","기타금융","7010","160","2.34","104079902470"
"005745","크라운해태홀딩스우","KOSPI","기타금융","7790","20","0.26","4679655540"
"259960","크래프톤","KOSPI","IT 서비스","246500","10000","4.23","11685044341500"
"020120","키다리스튜디오","KOSPI","IT 서비스","3330","70","2.15","123422340780"
"039490","키움증권","KOSPI","증권","449000","5500","1.24","12173354003000"
"014580","태경비케이","KOSPI","비금속","4720","30","0.64","130192232000"
"015890","태경산업","KOSPI","화학","4845","60","1.25","141613293750"
"006890","태경케미컬","KOSPI","화학","7890","190","2.47","91524000000"
"003240","태광산업","KOSPI","화학","968000","19000","2.00","1077771200000"
"011280","태림포장","KOSPI","종이·목재","2190","90","4.29","155065008600"
"004100","태양금속","KOSPI","운송장비·부품","2420","90","3.86","88814000000"
"004105","태양금속우","KOSPI","운송장비·부품","3495","15","0.43","11533500000"
"009410","태영건설","KOSPI","건설","1675","68","4.23","498463380650"
"009415","태영건설우","KOSPI","건설","6980","160","2.35","4536818520"
"001420","태원물산","KOSPI","운송장비·부품","3160","20","0.64","24016000000"
"055490","테이팩스","KOSPI","화학","15820","-20","-0.13","75455863000"
"078000","텔코웨어","KOSPI","IT 서비스","15750","420","2.74","145531212750"
"214420","토니모리","KOSPI","화학","9670","70","0.73","232609906330"
"019180","티에이치엔","KOSPI","전기·전자","8340","310","3.86","150120000000"
"217590","티엠씨","KOSPI","전기·전자","14990","-380","-2.47","361172432750"
"363280","티와이홀딩스","KOSPI","기타금융","2510","50","2.03","126577462680"
"36328K","티와이홀딩스우","KOSPI","기타금융","4130","0","0.00","5133647820"
"091810","티웨이항공","KOSPI","운송·창고","1540","110","7.69","517415413900"
"004870","티웨이홀딩스","KOSPI","비금속","462","-1","-0.22","52281534228"
"034230","파라다이스","KOSPI","오락·문화","21250","350","1.67","1963618128750"
"005690","파미셀","KOSPI","제약","14810","100","0.68","888851236840"
"036580","팜스코","KOSPI","음식료·담배","3635","-110","-2.94","133506072805"
"004720","팜젠사이언스","KOSPI","제약","4185","5","0.12","91879590870"
"028670","팬오션","KOSPI","운송·창고","5080","90","1.80","2715613120960"
"010820","퍼스텍","KOSPI","금속","4680","-70","-1.47","228252669840"
"016800","퍼시스","KOSPI","기타제조","42050","-50","-0.12","483575000000"
"001020","페이퍼코리아","KOSPI","종이·목재","586","-9","-1.51","104298221418"
"090080","평화산업","KOSPI","운송장비·부품","954","2","0.21","52376755086"
"010770","평화홀딩스","KOSPI","운송장비·부품","3850","50","1.32","56308044100"
"022100","포스코DX","KOSPI","일반서비스","38550","-600","-1.53","5860938802950"
"058430","포스코스틸리온","KOSPI","금속","41700","0","0.00","250200000000"
"047050","포스코인터내셔널","KOSPI","유통","64000","0","0.00","11259058432000"
"003670","포스코퓨처엠","KOSPI","전기·전자","221000","-4500","-2.00","19657114620000"
"017810","풀무원","KOSPI","음식료·담배","13250","250","1.92","505097181500"
"103140","풍산","KOSPI","금속","111600","200","0.18","3127509424800"
"005810","풍산홀딩스","KOSPI","기타금융","39850","-200","-0.50","574529086200"
"950210","프레스티지바이오파마","KOSPI","일반서비스","12570","760","6.44","755408668350"
"009810","플레이그램","KOSPI","유통","1350","45","3.45","41009625000"
"086790","하나금융지주","KOSPI","기타금융","122200","3400","2.86","34011414470800"
"293480","하나제약","KOSPI","제약","10620","220","2.12","188748686520"
"039130","하나투어","KOSPI","일반서비스","50000","2100","4.38","774496600000"
"352820","하이브","KOSPI","오락·문화","377000","500","0.13","16165532669000"
"071090","하이스틸","KOSPI","금속","3775","55","1.48","76222803025"
"000080","하이트진로","KOSPI","음식료·담배","18060","270","1.52","1266613014660"
"000087","하이트진로2우B","KOSPI","음식료·담배","14340","140","0.99","16206178920"
"000140","하이트진로홀딩스","KOSPI","기타금융","9550","140","1.49","221624605750"
"000145","하이트진로홀딩스우","KOSPI","기타금융","12250","200","1.66","5767422500"
"152550","한국ANKOR유전","KOSPI","기타금융","202","1","0.50","14144040000"
"036460","한국가스공사","KOSPI","전기·가스","42750","1350","3.26","3946380750000"
"005430","한국공항","KOSPI","운송·창고","69600","2200","3.26","220378308000"
"071050","한국금융지주","KOSPI","기타금융","235500","12000","5.37","13123471116000"
"071055","한국금융지주우","KOSPI","기타금융","159000","9000","6.00","931461909000"
"010040","한국내화","KOSPI","비금속","2110","25","1.20","86651500820"
"025540","한국단자","KOSPI","전기·전자","74400","800","1.09","752556000000"
"010100","한국무브넥스","KOSPI","운송장비·부품","5470","90","1.67","166563797400"
"004090","한국석유","KOSPI","비금속","15510","970","6.67","196885801200"
"002200","한국수출포장","KOSPI","종이·목재","3215","35","1.10","128600000000"
"002960","한국쉘석유","KOSPI","화학","451500","7500","1.69","586950000000"
"000240","한국앤컴퍼니","KOSPI","기타금융","31200","3250","11.63","2961979488000"
"123890","한국자산신탁","KOSPI","기타금융","2650","10","0.38","324290903900"
"015760","한국전력","KOSPI","전기·가스","60800","-1800","-2.88","39031415881600"
"006200","한국전자홀딩스","KOSPI","기타금융","692","12","1.76","32387770112"
"027970","한국제지","KOSPI","종이·목재","782","2","0.26","148719381334"
"023350","한국종합기술","KOSPI","일반서비스","4725","150","3.28","51738750000"
"025890","한국주강","KOSPI","기계·장비","1803","-12","-0.66","20390593977"
"000970","한국주철관","KOSPI","금속","6900","90","1.32","157323450000"
"104700","한국철강","KOSPI","금속","9260","60","0.65","337527000000"
"017960","한국카본","KOSPI","금속","33850","-1400","-3.97","1757101100200"
"161890","한국콜마","KOSPI","화학","72800","100","0.14","1718449605600"
"161390","한국타이어앤테크놀로지","KOSPI","화학","73700","3900","5.59","9129592585300"
"034830","한국토지신탁","KOSPI","기타금융","1296","43","3.43","327226042080"
"007280","한국특강","KOSPI","금속","1363","17","1.26","82888542893"
"047810","한국항공우주","KOSPI","운송장비·부품","161300","-1300","-0.80","15722734759100"
"123690","한국화장품","KOSPI","유통","10580","10","0.09","169999440000"
"003350","한국화장품제조","KOSPI","화학","53500","1100","2.10","242462000000"
"011500","한농화성","KOSPI","화학","25550","-250","-0.97","399526423100"
"002390","한독","KOSPI","제약","11210","80","0.72","154289204930"
"053690","한미글로벌","KOSPI","일반서비스","20150","660","3.39","220794632500"
"042700","한미반도체","KOSPI","기계·장비","194900","-2900","-1.47","18576347780000"
"008930","한미사이언스","KOSPI","기타금융","45000","-2900","-6.05","3077619750000"
"128940","한미약품","KOSPI","제약","591000","28000","4.97","7571295681000"
"009240","한샘","KOSPI","유통","45550","650","1.45","1071970420400"
"020000","한섬","KOSPI","섬유·의류","21200","2950","16.16","475680236400"
"003680","한성기업","KOSPI","음식료·담배","5210","70","1.36","32351573150"
"105630","한세실업","KOSPI","섬유·의류","12980","110","0.85","519200000000"
"069640","한세엠케이","KOSPI","유통","637","-21","-3.19","28541741774"
"016450","한세예스24홀딩스","KOSPI","섬유·의류","4065","5","0.12","162600000000"
"009180","한솔로지스틱스","KOSPI","운송·창고","2930","95","3.35","82496567250"
"213500","한솔제지","KOSPI","종이·목재","8690","100","1.16","206827005440"
"014680","한솔케미칼","KOSPI","화학","287500","-7500","-2.54","3258868562500"
"004710","한솔테크닉스","KOSPI","전기·전자","5900","140","2.43","189448280200"
"004150","한솔홀딩스","KOSPI","기타금융","3270","50","1.55","134157047400"
"025750","한솔홈데코","KOSPI","종이·목재","609","1","0.16","49064175741"
"004960","한신공영","KOSPI","건설","12700","50","0.40","146947915400"
"011700","한신기계","KOSPI","기계·장비","4240","-40","-0.93","137571680240"
"001750","한양증권","KOSPI","증권","22200","550","2.54","282573454800"
"001755","한양증권우","KOSPI","증권","20150","310","1.56","10578750000"
"018880","한온시스템","KOSPI","기계·장비","4570","695","17.94","4690019862640"
"009420","한올바이오파마","KOSPI","제약","54200","2500","4.84","2831442579600"
"014130","한익스프레스","KOSPI","운송·창고","2840","120","4.41","34080000000"
"300720","한일시멘트","KOSPI","비금속","18400","590","3.31","1353231845600"
"002220","한일철강","KOSPI","금속","5410","150","2.85","144433258600"
"003300","한일홀딩스","KOSPI","비금속","16270","300","1.88","501651022680"
"051600","한전KPS","KOSPI","건설","58300","-700","-1.19","2623500000000"
"052690","한전기술","KOSPI","일반서비스","146000","-5700","-3.76","5580120000000"
"130660","한전산업","KOSPI","일반서비스","17780","480","2.77","579628000000"
"002320","한진","KOSPI","운송·창고","22400","1900","9.27","341264224000"
"003480","한진중공업홀딩스","KOSPI","전기·가스","5070","155","3.15","149716146840"
"180640","한진칼","KOSPI","기타금융","124600","7900","6.77","8318579963400"
"18064K","한진칼우","KOSPI","기타금융","39850","1150","2.97","21390125100"
"005110","한창","KOSPI","유통","1254","0","0.00","26467434378"
"009460","한창제지","KOSPI","종이·목재","518","3","0.58","30907757748"
"372910","한컴라이프케어","KOSPI","의료·정밀기기","2885","40","1.41","79840661310"
"000880","한화","KOSPI","화학","114500","-4200","-3.54","8582775157500"
"00088K","한화3우B","KOSPI","화학","46300","-800","-1.70","898425618300"
"452260","한화갤러리아","KOSPI","유통","2120","50","2.42","410982373200"
"45226K","한화갤러리아우","KOSPI","유통","10000","-50","-0.50","29044700000"
"451800","한화리츠","KOSPI","부동산","4725","35","0.75","848610000000"
"489790","한화비전","KOSPI","전기·전자","59200","-8600","-12.68","2988912688000"
"088350","한화생명","KOSPI","보험","4070","435","11.97","3534917100000"
"000370","한화손해보험","KOSPI","보험","7290","910","14.26","851026690350"
"009830","한화솔루션","KOSPI","화학","46600","-1100","-2.31","8010192177600"
"009835","한화솔루션우","KOSPI","화학","29450","-1450","-4.69","75844028050"
"272210","한화시스템","KOSPI","전기·전자","101300","-3100","-2.97","19137534105700"
"012450","한화에어로스페이스","KOSPI","운송장비·부품","1146000","-47000","-3.94","59091657546000"
"082740","한화엔진","KOSPI","기계·장비","54500","300","0.55","4547869239000"
"042660","한화오션","KOSPI","운송장비·부품","130900","-2300","-1.73","40109513274600"
"003530","한화투자증권","KOSPI","증권","6370","40","0.63","1366669326750"
"003535","한화투자증권우","KOSPI","증권","9180","160","1.77","44064000000"
"195870","해성디에스","KOSPI","전기·전자","61000","-4000","-6.15","1037000000000"
"101530","해태제과식품","KOSPI","음식료·담배","7040","230","3.38","204982426880"
"143210","핸즈코퍼레이션","KOSPI","운송장비·부품","1151","-24","-2.04","25178984797"
"000720","현대건설","KOSPI","건설","112000","-2200","-1.93","12471845680000"
"000725","현대건설우","KOSPI","건설","65200","-700","-1.06","68765983600"
"453340","현대그린푸드","KOSPI","유통","15850","500","3.26","520186634100"
"086280","현대글로비스","KOSPI","운송·창고","243500","1000","0.41","18262500000000"
"064350","현대로템","KOSPI","운송장비·부품","200000","-12500","-5.88","21828458600000"
"079430","현대리바트","KOSPI","기타제조","6860","-40","-0.58","140872034520"
"012330","현대모비스","KOSPI","운송장비·부품","437000","2000","0.46","39650138771000"
"069960","현대백화점","KOSPI","유통","108200","7700","7.66","2448437566600"
"004560","현대비앤지스틸","KOSPI","금속","16030","110","0.69","241713340330"
"004310","현대약품","KOSPI","제약","12580","670","5.63","402560000000"
"017800","현대엘리베이터","KOSPI","기계·장비","104100","700","0.68","4069517278500"
"307950","현대오토에버","KOSPI","IT 서비스","431000","14000","3.36","11819736242000"
"011210","현대위아","KOSPI","운송장비·부품","83300","100","0.12","2265350413900"
"004020","현대제철","KOSPI","금속","32000","200","0.63","4270265120000"
"005440","현대지에프홀딩스","KOSPI","기타금융","10670","250","2.40","1663498891670"
"005380","현대차","KOSPI","운송장비·부품","480500","2500","0.52","98386106563000"
"005387","현대차2우B","KOSPI","운송장비·부품","255500","3000","1.19","8933284115000"
"005389","현대차3우B","KOSPI","운송장비·부품","244000","2500","1.04","567898288000"
"005385","현대차우","KOSPI","운송장비·부품","252000","500","0.20","5881921920000"
"001500","현대차증권","KOSPI","증권","9610","240","2.56","594215552840"
"011760","현대코퍼레이션","KOSPI","유통","24900","150","0.61","329401253400"
"227840","현대코퍼레이션홀딩스","KOSPI","유통","12800","90","0.71","116490700800"
"126560","현대퓨처넷","KOSPI","통신","3525","0","0.00","388465381125"
"001450","현대해상","KOSPI","보험","32950","2150","6.98","2945730000000"
"057050","현대홈쇼핑","KOSPI","유통","67000","8600","14.73","804000000000"
"093240","형지엘리트","KOSPI","섬유·의류","1297","-40","-2.99","49792165923"
"003010","혜인","KOSPI","유통","5470","20","0.37","69538726090"
"111110","호전실업","KOSPI","섬유·의류","7970","0","0.00","74726720000"
"008770","호텔신라","KOSPI","유통","52900","3200","6.44","2076225600900"
"008775","호텔신라우","KOSPI","유통","37150","900","2.48","27932304850"
"378850","화승알앤에이","KOSPI","운송장비·부품","3635","55","1.54","69041819605"
"241590","화승엔터프라이즈","KOSPI","섬유·의류","5620","230","4.27","340511731120"
"006060","화승인더","KOSPI","유통","3385","70","2.11","187258200000"
"013520","화승코퍼레이션","KOSPI","운송장비·부품","2550","5","0.20","127630692600"
"010690","화신","KOSPI","운송장비·부품","9220","190","2.10","321966180200"
"133820","화인베스틸","KOSPI","금속","1570","-20","-1.26","58269768140"
"010660","화천기계","KOSPI","기계·장비","5390","-90","-1.64","118580000000"
"000850","화천기공","KOSPI","기계·장비","41500","400","0.97","91300000000"
"016580","환인제약","KOSPI","제약","10550","170","1.64","196230738500"
"032560","황금에스티","KOSPI","금속","6100","60","0.99","103700000000"
"004800","효성","KOSPI","기타금융","150300","-1100","-0.73","2516083172100"
"094280","효성ITX","KOSPI","일반서비스","12790","90","0.71","147829378000"
"298040","효성중공업","KOSPI","전기·전자","2347000","-49000","-2.05","21884714156000"
"298020","효성티앤씨","KOSPI","화학","381000","-14500","-3.67","1648846842000"
"298000","효성화학","KOSPI","화학","38900","0","0.00","147501447900"
"093370","후성","KOSPI","화학","8170","-160","-1.92","876276046100"
"005870","휴니드","KOSPI","전기·전자","8450","-90","-1.05","119280326750"
"079980","휴비스","KOSPI","화학","2910","50","1.75","100395000000"
"005010","휴스틸","KOSPI","금속","4290","50","1.18","241046841750"
"000540","흥국화재","KOSPI","보험","4005","255","6.80","257291793225"
"000545","흥국화재우","KOSPI","보험","7200","30","0.42","5529600000"
"003280","흥아해운","KOSPI","운송·창고","1750","62","3.67","420743573250"